id,role,type,description,size/ratio,style line ref,source
emotion_music,emotion gift sprite,image,blue crystal music notes from supplied reference,1:1 transparent,"exact supplied glossy 3D-style gift art",reference_media[0]
emotion_crown_sun,headwear emotion gift,image,gold blue jeweled sun crown from supplied reference,1:1 transparent,"exact supplied glossy 3D-style gift art",reference_media[0]
emotion_crown_branches,headwear emotion gift,image,dark branch crown with green jewels from supplied reference,1:1 transparent,"exact supplied glossy 3D-style gift art",reference_media[0]
emotion_tiara_purple,headwear emotion gift,image,purple jeweled tiara from supplied reference,1:1 transparent,"exact supplied glossy 3D-style gift art",reference_media[0]
emotion_crown_rose,headwear emotion gift,image,rose geometric crown from supplied reference,1:1 transparent,"exact supplied glossy 3D-style gift art",reference_media[0]
emotion_pretzel,corner emotion gift,image,brown pretzel from supplied reference,1:1 transparent,"exact supplied glossy 3D-style gift art",reference_media[0]
emotion_hat_feather,headwear emotion gift,image,burgundy hat with feather from supplied reference,1:1 transparent,"exact supplied glossy 3D-style gift art",reference_media[0]
emotion_hat_safari,headwear emotion gift,image,cream safari hat from supplied reference,1:1 transparent,"exact supplied glossy 3D-style gift art",reference_media[0]
emotion_mug,corner emotion gift,image,blue floral mug from supplied reference,1:1 transparent,"exact supplied glossy 3D-style gift art",reference_media[0]
emotion_teapot,corner emotion gift,image,multicolor stained glass teapot from supplied reference,1:1 transparent,"exact supplied glossy 3D-style gift art",reference_media[0]
emotion_thermos,corner emotion gift,image,brown gold thermos from supplied reference,1:1 transparent,"exact supplied glossy 3D-style gift art",reference_media[0]
emotion_kiss,photo emotion gift,image,red lipstick kiss from supplied reference,1:1 transparent,"exact supplied glossy 3D-style gift art",reference_media[0]
emotion_emerald,corner emotion gift,image,green faceted emerald from supplied reference,1:1 transparent,"exact supplied glossy 3D-style gift art",reference_media[0]
emotion_flower_vase,corner emotion gift,image,green floral vase from supplied reference,1:1 transparent,"exact supplied glossy 3D-style gift art",reference_media[0]
emotion_tomato,photo emotion gift,image,red tomato from supplied reference,1:1 transparent,"exact supplied glossy 3D-style gift art",reference_media[0]
emotion_frog,emotion gift icon,image,exact frog from user IMG_5724,cropped transparent,user reference,reference_media[IMG_5724]
emotion_roses_bouquet,emotion gift icon,image,exact red roses bouquet from user IMG_5724,cropped transparent,user reference,reference_media[IMG_5724]
emotion_candy,emotion gift icon,image,exact wrapped candy from user IMG_5724,cropped transparent,user reference,reference_media[IMG_5724]
emotion_duck,emotion gift icon,image,exact jeweled duck from user IMG_5724,cropped transparent,user reference,reference_media[IMG_5724]
emotion_hippo,emotion gift icon,image,exact pink hippo plush from user IMG_5724,cropped transparent,user reference,reference_media[IMG_5724]
emotion_penguin,emotion gift icon,image,exact penguin from user IMG_5724,cropped transparent,user reference,reference_media[IMG_5724]
emotion_tulips,emotion gift icon,image,exact tulip vase from user IMG_5724,cropped transparent,user reference,reference_media[IMG_5724]
emotion_lilies,emotion gift icon,image,exact lilies pot from user IMG_5724,cropped transparent,user reference,reference_media[IMG_5724]
emotion_golden_rose,emotion gift icon,image,exact golden rose pot from user IMG_5724,cropped transparent,user reference,reference_media[IMG_5724]
emotion_cactus,emotion gift icon,image,exact cactus pot from user IMG_5724,cropped transparent,user reference,reference_media[IMG_5724]
emotion_icecream,emotion gift icon,image,exact ice cream from user IMG_5724,cropped transparent,user reference,reference_media[IMG_5724]
emotion_strawberry_cake,emotion gift icon,image,exact strawberry cake from user IMG_5724,cropped transparent,user reference,reference_media[IMG_5724]
emotion_milk,emotion gift icon,image,exact milk glass from user IMG_5724,cropped transparent,user reference,reference_media[IMG_5724]
emotion_wine,emotion gift icon,image,exact red wine glass from user IMG_5724,cropped transparent,user reference,reference_media[IMG_5724]
emotion_whiskey,emotion gift icon,image,exact whiskey glass from user IMG_5724,cropped transparent,user reference,reference_media[IMG_5724]
emotion_tea_ref5725,corner emotion gift,image,exact tea cup from user IMG_5725,cropped transparent,user reference,reference_media[IMG_5725]
emotion_pickle_glass_ref5725,corner emotion gift,image,exact pickle glass from user IMG_5725,cropped transparent,user reference,reference_media[IMG_5725]
emotion_coffee_ref5725,corner emotion gift,image,exact coffee cup from user IMG_5725,cropped transparent,user reference,reference_media[IMG_5725]
emotion_champagne_glass_ref5725,corner emotion gift,image,exact champagne flute from user IMG_5725,cropped transparent,user reference,reference_media[IMG_5725]
emotion_beer_ref5725,corner emotion gift,image,exact beer mug from user IMG_5725,cropped transparent,user reference,reference_media[IMG_5725]
emotion_martini_ref5725,corner emotion gift,image,exact martini glass from user IMG_5725,cropped transparent,user reference,reference_media[IMG_5725]
emotion_lemonade_ref5725,corner emotion gift,image,exact lemonade glass from user IMG_5725,cropped transparent,user reference,reference_media[IMG_5725]
emotion_love_jar_ref5725,corner emotion gift,image,exact love jar from user IMG_5725,cropped transparent,user reference,reference_media[IMG_5725]
emotion_teddy_ref5725,corner emotion gift,image,exact teddy bear from user IMG_5725,cropped transparent,user reference,reference_media[IMG_5725]
emotion_hot_drink_ref5725,corner emotion gift,image,exact hot drink mug from user IMG_5725,cropped transparent,user reference,reference_media[IMG_5725]
emotion_nurse_hat_ref5725,headwear emotion gift,image,exact nurse hat from user IMG_5725,cropped transparent,user reference,reference_media[IMG_5725]
emotion_cowboy_hat_ref5725,headwear emotion gift,image,exact cowboy hat from user IMG_5725,cropped transparent,user reference,reference_media[IMG_5725]
emotion_captain_hat_ref5725,headwear emotion gift,image,exact captain hat from user IMG_5725,cropped transparent,user reference,reference_media[IMG_5725]
emotion_alien_ref5725,corner emotion gift,image,exact green alien from user IMG_5725,cropped transparent,user reference,reference_media[IMG_5725]
emotion_furry_ears_ref5725,headwear emotion gift,image,exact furry ears from user IMG_5725,cropped transparent,user reference,reference_media[IMG_5725]
emotion_cow_ears_ref5756,head accessory emotion gift,image,exact cow-ears from user IMG_5756,cropped transparent,user reference,reference_media[IMG_5756]
emotion_fox_ears_ref5756,head accessory emotion gift,image,exact fox-ears from user IMG_5756,cropped transparent,user reference,reference_media[IMG_5756]
emotion_bunny_ears_ref5756,head accessory emotion gift,image,exact bunny-ears from user IMG_5756,cropped transparent,user reference,reference_media[IMG_5756]
emotion_black_ears_ref5756,head accessory emotion gift,image,exact black-ears from user IMG_5756,cropped transparent,user reference,reference_media[IMG_5756]
emotion_green_ears_ref5756,head accessory emotion gift,image,exact green-ears from user IMG_5756,cropped transparent,user reference,reference_media[IMG_5756]
emotion_red_horns_ref5756,head accessory emotion gift,image,exact red-horns from user IMG_5756,cropped transparent,user reference,reference_media[IMG_5756]
emotion_pink_ears_ref5756,head accessory emotion gift,image,exact pink-ears from user IMG_5756,cropped transparent,user reference,reference_media[IMG_5756]
emotion_antlers_ref5756,head accessory emotion gift,image,exact antlers from user IMG_5756,cropped transparent,user reference,reference_media[IMG_5756]
emotion_blue_bow_ref5756,head accessory emotion gift,image,exact blue-bow from user IMG_5756,cropped transparent,user reference,reference_media[IMG_5756]
emotion_red_bow_ref5756,head accessory emotion gift,image,exact red-bow from user IMG_5756,cropped transparent,user reference,reference_media[IMG_5756]
emotion_lace_bow_ref5756,head accessory emotion gift,image,exact lace-bow from user IMG_5756,cropped transparent,user reference,reference_media[IMG_5756]
emotion_burgundy_bow_ref5756,head accessory emotion gift,image,exact burgundy-bow from user IMG_5756,cropped transparent,user reference,reference_media[IMG_5756]
emotion_ak_kalpak_ref5756,head accessory emotion gift,image,exact ak-kalpak from user IMG_5756,cropped transparent,user reference,reference_media[IMG_5756]
emotion_ushanka_ref5756,head accessory emotion gift,image,exact ushanka from user IMG_5756,cropped transparent,user reference,reference_media[IMG_5756]
emotion_kyrgyz_headwear_ref5756,head accessory emotion gift,image,exact kyrgyz-headwear from user IMG_5756,cropped transparent,user reference,reference_media[IMG_5756]
emotion_alarm_ref5726,emotion gift icon,image,exact alarm clock from user IMG_5726,cropped transparent,user reference,reference_media[IMG_5726]
emotion_usa_donut_ref5726,emotion gift icon,image,exact USA donut from user IMG_5726,cropped transparent,user reference,reference_media[IMG_5726]
emotion_mystery_cube_ref5726,emotion gift icon,image,exact mystery cube from user IMG_5726,cropped transparent,user reference,reference_media[IMG_5726]
emotion_joker_hat_ref5726,headwear emotion gift,image,exact joker hat from user IMG_5726,cropped transparent,user reference,reference_media[IMG_5726]
emotion_blue_cocktail_ref5726,emotion gift icon,image,exact blue cocktail from user IMG_5726,cropped transparent,user reference,reference_media[IMG_5726]
emotion_straw_hat_ref5726,headwear emotion gift,image,exact straw hat from user IMG_5726,cropped transparent,user reference,reference_media[IMG_5726]
emotion_herbal_drink_ref5726,emotion gift icon,image,exact herbal drink from user IMG_5726,cropped transparent,user reference,reference_media[IMG_5726]
emotion_purple_cocktail_ref5726,emotion gift icon,image,exact purple cocktail from user IMG_5726,cropped transparent,user reference,reference_media[IMG_5726]
emotion_love_ring_ref5726,emotion gift icon,image,exact love ring cocktail from user IMG_5726,cropped transparent,user reference,reference_media[IMG_5726]
emotion_skull_drink_ref5726,emotion gift icon,image,exact skull drink from user IMG_5726,cropped transparent,user reference,reference_media[IMG_5726]
emotion_pink_martini_ref5726,emotion gift icon,image,exact pink martini from user IMG_5726,cropped transparent,user reference,reference_media[IMG_5726]
emotion_latte_ref5726,emotion gift icon,image,exact latte from user IMG_5726,cropped transparent,user reference,reference_media[IMG_5726]
emotion_sombrero_ref5726,headwear emotion gift,image,exact sombrero from user IMG_5726,cropped transparent,user reference,reference_media[IMG_5726]
emotion_mojito_ref5726,emotion gift icon,image,exact mojito from user IMG_5726,cropped transparent,user reference,reference_media[IMG_5726]
emotion_viking_helmet_ref5726,headwear emotion gift,image,exact viking helmet from user IMG_5726,cropped transparent,user reference,reference_media[IMG_5726]
emotion_sparkling_water_ref5768,emotion gift icon,image,exact sparkling water with lemon from user IMG_5768,cropped transparent,user reference,reference_media[IMG_5768]
emotion_flat_cap_ref5768,headwear emotion gift,image,exact flat cap from user IMG_5768,cropped transparent,user reference,reference_media[IMG_5768]
emotion_pink_cocktail_ref5768,emotion gift icon,image,exact pastel cocktail from user IMG_5768,cropped transparent,user reference,reference_media[IMG_5768]
emotion_pirate_hat_ref5768,headwear emotion gift,image,exact pirate hat from user IMG_5768,cropped transparent,user reference,reference_media[IMG_5768]
emotion_layered_shot_ref5768,emotion gift icon,image,exact layered drink from user IMG_5768,cropped transparent,user reference,reference_media[IMG_5768]
emotion_bowler_hat_ref5768,headwear emotion gift,image,exact bowler hat from user IMG_5768,cropped transparent,user reference,reference_media[IMG_5768]
emotion_red_cocktail_ref5768,emotion gift icon,image,exact red cocktail from user IMG_5768,cropped transparent,user reference,reference_media[IMG_5768]
emotion_pilotka_ref5768,headwear emotion gift,image,exact military pilotka from user IMG_5768,cropped transparent,user reference,reference_media[IMG_5768]
emotion_orange_cocktail_ref5768,emotion gift icon,image,exact orange cocktail from user IMG_5768,cropped transparent,user reference,reference_media[IMG_5768]
emotion_top_hat_ref5768,headwear emotion gift,image,exact top hat from user IMG_5768,cropped transparent,user reference,reference_media[IMG_5768]
emotion_dark_bag_ref5774,emotion gift icon,image,exact dark bag from user IMG_5774,cropped transparent,user reference,reference_media[IMG_5774]
emotion_navy_tricorne_ref5774,headwear emotion gift,image,exact navy tricorne from user IMG_5774,cropped transparent,user reference,reference_media[IMG_5774]
emotion_skull_bottle_ref5774,emotion gift icon,image,exact skull bottle from user IMG_5774,cropped transparent,user reference,reference_media[IMG_5774]
emotion_feather_hat_ref5774,headwear emotion gift,image,exact feather hat from user IMG_5774,cropped transparent,user reference,reference_media[IMG_5774]
emotion_honey_ref5774,emotion gift icon,image,exact honey jar from user IMG_5774,cropped transparent,user reference,reference_media[IMG_5774]
emotion_jewel_turban_ref5774,headwear emotion gift,image,exact jeweled turban from user IMG_5774,cropped transparent,user reference,reference_media[IMG_5774]
emotion_microphone_ref5774,emotion gift icon,image,exact microphone from user IMG_5774,cropped transparent,user reference,reference_media[IMG_5774]
emotion_voodoo_doll_ref5774,emotion gift icon,image,exact doll from user IMG_5774,cropped transparent,user reference,reference_media[IMG_5774]
emotion_purple_jar_ref5774,emotion gift icon,image,exact purple drink jar from user IMG_5774,cropped transparent,user reference,reference_media[IMG_5774]
emotion_black_pepper_ref5774,emotion gift icon,image,exact black pepper from user IMG_5774,cropped transparent,user reference,reference_media[IMG_5774]
emotion_colander_ref5774,headwear emotion gift,image,exact colander from user IMG_5774,cropped transparent,user reference,reference_media[IMG_5774]
emotion_golden_lamp_ref5774,emotion gift icon,image,exact golden lamp from user IMG_5774,cropped transparent,user reference,reference_media[IMG_5774]
emotion_martini_ref5774,emotion gift icon,image,exact martini from user IMG_5774,cropped transparent,user reference,reference_media[IMG_5774]
emotion_pearl_coupe_ref5774,emotion gift icon,image,exact pearl coupe from user IMG_5774,cropped transparent,user reference,reference_media[IMG_5774]
emotion_spartan_helmet_ref5774,headwear emotion gift,image,exact bronze helmet from user IMG_5774,cropped transparent,user reference,reference_media[IMG_5774]
emotion_pearl_shell_ref5775,emotion gift icon,image,pearl shell from user IMG_5775,cropped transparent,user reference,reference_media[IMG_5775]
emotion_top_hat_ref5775,headwear emotion gift,image,black top hat from user IMG_5775,cropped transparent,user reference,reference_media[IMG_5775]
emotion_crown_ref5775,headwear emotion gift,image,jewel crown from user IMG_5775,cropped transparent,user reference,reference_media[IMG_5775]
emotion_hookah_ref5775,emotion gift icon,image,colorful hookah from user IMG_5775,cropped transparent,user reference,reference_media[IMG_5775]
emotion_headdress_ref5775,headwear emotion gift,image,feather headdress from user IMG_5775,cropped transparent,user reference,reference_media[IMG_5775]
emotion_boss_cap_ref5775,headwear emotion gift,image,BOSS cap from user IMG_5775,cropped transparent,user reference,reference_media[IMG_5775]
emotion_brandy_ref5775,emotion gift icon,image,brandy glass from user IMG_5775,cropped transparent,user reference,reference_media[IMG_5775]
emotion_money_ref5775,emotion gift icon,image,100 dollar bill from user IMG_5775,cropped transparent,user reference,reference_media[IMG_5775]
emotion_saddle_ref5775,emotion gift icon,image,brown saddle from user IMG_5775,cropped transparent,user reference,reference_media[IMG_5775]
emotion_lime_martini_ref5775,emotion gift icon,image,lime martini from user IMG_5775,cropped transparent,user reference,reference_media[IMG_5775]
emotion_bunny_ref5775,emotion gift icon,image,bunny from user IMG_5775,cropped transparent,user reference,reference_media[IMG_5775]
emotion_lemonade_ref5775,emotion gift icon,image,lemonade from user IMG_5775,cropped transparent,user reference,reference_media[IMG_5775]
emotion_crystal_orb_ref5775,emotion gift icon,image,crystal orb from user IMG_5775,cropped transparent,user reference,reference_media[IMG_5775]
emotion_knight_helmet_ref5775,headwear emotion gift,image,knight helmet from user IMG_5775,cropped transparent,user reference,reference_media[IMG_5775]
emotion_orchid_ref5775,emotion gift icon,image,purple orchid from user IMG_5775,cropped transparent,user reference,reference_media[IMG_5775]

emotion_pearl_martini_ref5776,emotion gift icon,image,exact pearl martini from user IMG_5776,1:1 transparent,exact supplied glossy gift art,reference_media[IMG_5776]
emotion_barrel_ref5776,emotion gift icon,image,exact ornate barrel from user IMG_5776,1:1 transparent,exact supplied glossy gift art,reference_media[IMG_5776]
emotion_cigar_box_ref5776,emotion gift icon,image,exact cigar box from user IMG_5776,1:1 transparent,exact supplied glossy gift art,reference_media[IMG_5776]
emotion_gold_cake_ref5776,emotion gift icon,image,exact gold cake from user IMG_5776,1:1 transparent,exact supplied glossy gift art,reference_media[IMG_5776]
emotion_black_bag_ref5776,emotion gift icon,image,exact black bag from user IMG_5776,1:1 transparent,exact supplied glossy gift art,reference_media[IMG_5776]
emotion_gold_fries_ref5776,emotion gift icon,image,exact gold fries from user IMG_5776,1:1 transparent,exact supplied glossy gift art,reference_media[IMG_5776]
emotion_black_velvet_cap_ref5776,headwear emotion gift,image,exact black velvet cap from user IMG_5776,1:1 transparent,exact supplied glossy gift art,reference_media[IMG_5776]
emotion_black_leather_cap_ref5776,headwear emotion gift,image,exact black leather cap from user IMG_5776,1:1 transparent,exact supplied glossy gift art,reference_media[IMG_5776]
emotion_charcoal_cap_ref5776,headwear emotion gift,image,exact charcoal cap from user IMG_5776,1:1 transparent,exact supplied glossy gift art,reference_media[IMG_5776]
emotion_white_cap_ref5776,headwear emotion gift,image,exact white cap from user IMG_5776,1:1 transparent,exact supplied glossy gift art,reference_media[IMG_5776]
emotion_beige_cap_ref5776,headwear emotion gift,image,exact beige cap from user IMG_5776,1:1 transparent,exact supplied glossy gift art,reference_media[IMG_5776]
emotion_empire_cap_ref5776,headwear emotion gift,image,exact EMPIRE spike cap from user IMG_5776,1:1 transparent,exact supplied glossy gift art,reference_media[IMG_5776]
emotion_croc_cap_ref5776,headwear emotion gift,image,exact crocodile chain cap from user IMG_5776,1:1 transparent,exact supplied glossy gift art,reference_media[IMG_5776]
emotion_dg_cap_ref5776,headwear emotion gift,image,exact DG cap from user IMG_5776,1:1 transparent,exact supplied glossy gift art,reference_media[IMG_5776]
emotion_plain_black_cap_ref5776,headwear emotion gift,image,exact plain black cap from user IMG_5776,1:1 transparent,exact supplied glossy gift art,reference_media[IMG_5776]

emotion-ref-5777-queen-cap,public/assets/emotions/refset-5777/queen-cap.png,user-reference-gift
emotion-ref-5777-hello-cap,public/assets/emotions/refset-5777/hello-cap.png,user-reference-gift
emotion-ref-5777-savage-cap,public/assets/emotions/refset-5777/savage-cap.png,user-reference-gift
emotion-ref-5777-poop-cap,public/assets/emotions/refset-5777/poop-cap.png,user-reference-gift
emotion-ref-5777-supreme-cap,public/assets/emotions/refset-5777/supreme-cap.png,user-reference-gift
emotion-ref-5777-gramophone,public/assets/emotions/refset-5777/gramophone.png,user-reference-gift
emotion-ref-5777-floral-bucket-hat,public/assets/emotions/refset-5777/floral-bucket-hat.png,user-reference-gift
emotion-ref-5777-piano-beanie,public/assets/emotions/refset-5777/piano-beanie.png,user-reference-gift
emotion-ref-5777-grand-piano,public/assets/emotions/refset-5777/grand-piano.png,user-reference-gift
emotion-ref-5777-music-notes,public/assets/emotions/refset-5777/music-notes.png,user-reference-gift
emotion-ref-5777-harp,public/assets/emotions/refset-5777/harp.png,user-reference-gift
emotion-ref-5777-royal-headdress,public/assets/emotions/refset-5777/royal-headdress.png,user-reference-gift
emotion-ref-5777-drum,public/assets/emotions/refset-5777/drum.png,user-reference-gift
emotion-ref-5777-maracas,public/assets/emotions/refset-5777/maracas.png,user-reference-gift
emotion-ref-5777-music-controller,public/assets/emotions/refset-5777/music-controller.png,user-reference-gift
emotion-refset-5720-replaced,public/assets/emotions/refset-5720/,exact-user-reference-IMG_5722
